"figure","figure_sample_row","position_1_base","position_1_percentage","position_2_base","position_2_percentage","position_3_base","position_3_percentage","position_4_base","position_4_percentage","position_5_base","position_5_percentage","position_6_base","position_6_percentage","position_7_base","position_7_percentage","position_8_base","position_8_percentage","position_9_base","position_9_percentage","position_10_base","position_10_percentage","normalized_PAM_entropy"
"fig_S3CD",1,"T","0.273630579122095","G","0.338689597934342","C","0.3069669863519","G","0.307819992622648","G","0.557750829952047","A","0.419102729620066","T","0.537878089265953","T","0.527642014016968","T","0.346989118406492","T","0.322851346366654",0.810322912423782
"fig_S3CD",2,"C","0.28473641396004","G","0.318624630463681","C","0.282335667943096","G","0.31656117934168","G","0.532588639114303","A","0.405686395111208","T","0.504632844586417","T","0.513323148350231","T","0.331382313842979","T","0.317136564750699",0.841888970947942
"fig_S3CD",3,"G","0.28118377785897","G","0.326683716965047","C","0.299939106077213","G","0.328072098404579","G","0.546047984411156","A","0.438631104615759","T","0.525027402265254","T","0.531506515649738","T","0.3307757885763","T","0.287735963950798",0.814439452199318
"fig_S3CD",4,"G","0.297303143928468","G","0.368510239400058","C","0.277797807903086","G","0.318539082780502","G","0.523146812806461","A","0.398795788866455","T","0.492825209114508","T","0.468236227285838","T","0.312301701759446","T","0.300728295356216",0.862932133687608
