"figure","figure_sample_row","position_1_base","position_1_percentage","position_2_base","position_2_percentage","position_3_base","position_3_percentage","position_4_base","position_4_percentage","position_5_base","position_5_percentage","position_6_base","position_6_percentage","position_7_base","position_7_percentage","position_8_base","position_8_percentage","position_9_base","position_9_percentage","position_10_base","position_10_percentage","normalized_PAM_entropy"
"fig_2FGH",1,"G","0.292532163186567","G","0.276134711787961","G","0.28295453001671","G","0.292151774918828","G","0.283090382969474","A","0.29948783436808","G","0.269722452417503","C","0.284747788993194","T","0.288334306946161","C","0.286432365607466",1.00136038665331
"fig_2FGH",2,"G","0.290057689573219","G","0.317556724694794","C","0.292764427471612","G","0.31924272278535","G","0.534903207459018","A","0.447906721647809","T","0.493017327185196","T","0.513452436571939","T","0.329836072233846","T","0.32960754839627",0.840977571432934
"fig_2FGH",3,"C","0.278330069035917","G","0.273423026454055","G","0.288210382055253","C","0.295270271463565","G","0.281690028910667","C","0.265444777447914","C","0.284234061604268","C","0.277798480114866","G","0.2628309847464","C","0.283772232691129",1.00959839617248
"fig_2FGH",4,"T","0.312552594698819","G","0.309417474587416","A","0.306575689570438","C","0.396452103929758","G","0.92215640189663","A","0.762351169916784","T","0.857185109435464","T","0.889914661366107","T","0.457433796011372","T","0.438509630831301",-0.00567924207797463
