"figure","figure_sample_row","position_1_base","position_1_percentage","position_2_base","position_2_percentage","position_3_base","position_3_percentage","position_4_base","position_4_percentage","position_5_base","position_5_percentage","position_6_base","position_6_percentage","position_7_base","position_7_percentage","position_8_base","position_8_percentage","position_9_base","position_9_percentage","position_10_base","position_10_percentage","normalized_PAM_entropy"
"fig_S8EF",1,"G","0.296258025141738","G","0.401953982137066","C","0.347057800544428","G","0.385432774648127","G","0.926350376865754","A","0.705854173001393","T","0.838894093257055","T","0.882049533613489","T","0.416998241763168","T","0.389369373994654",0.0190410325347027
"fig_S8EF",2,"G","0.290981242808149","G","0.405679768847925","C","0.344905004262359","G","0.386336537839336","G","0.926390049432108","A","0.706272841600621","T","0.838447038434378","T","0.881681985837153","T","0.416668495401435","T","0.388980325627326",0.0188847085116857
"fig_S8EF",3,"G","0.292530152083173","G","0.406501182567642","C","0.350090218831542","G","0.390386154687988","G","0.929875999981911","A","0.711598659605931","T","0.844340859860082","T","0.885330734548612","T","0.416243233587634","T","0.389277299675755",0.00332762749397795
"fig_S8EF",4,"G","0.290188333779748","G","0.39287881634758","C","0.35562902522977","G","0.372101334847146","G","0.872531892012905","A","0.662236898389308","T","0.787211612650465","T","0.831862029815184","T","0.407326267984857","T","0.393340555926458",0.192682426486172
"fig_S8EF",5,"G","0.291941739610265","G","0.393103953485965","C","0.358836719142529","G","0.371542162899451","G","0.906595300980429","A","0.689105399485141","T","0.818937970935098","T","0.864117880783101","T","0.408603854352211","T","0.393762456414989",0.0869601190712273
