"figure","figure_sample_row","position_1_base","position_1_percentage","position_2_base","position_2_percentage","position_3_base","position_3_percentage","position_4_base","position_4_percentage","position_5_base","position_5_percentage","position_6_base","position_6_percentage","position_7_base","position_7_percentage","position_8_base","position_8_percentage","position_9_base","position_9_percentage","position_10_base","position_10_percentage","normalized_PAM_entropy"
"fig_3CDE",1,"G","0.287353840877668","G","0.39509519304216","C","0.342822659265628","G","0.368246642132439","G","0.899150955048163","A","0.6975365045561","T","0.821723343609889","T","0.859078683401744","T","0.41956556670348","T","0.407357810002434",0.0965899680137903
"fig_3CDE",2,"G","0.293249656504141","G","0.384920717442163","C","0.347462586802332","G","0.362423781053882","G","0.890359092428237","A","0.685144639607858","T","0.808320026736975","T","0.84977644918118","T","0.396952727542798","T","0.393429017044822",0.131461110891256
"fig_3CDE",3,"G","0.289951931639756","G","0.42125673755277","C","0.364313797749152","G","0.371773777531793","G","0.900409851056796","A","0.713849506137852","T","0.820770413327731","T","0.860460226944468","T","0.428171457150583","T","0.386222317789943",0.085571809093852
"fig_3CDE",4,"C","0.279470548327593","G","0.322472927520321","C","0.293318585314478","G","0.297654811486039","G","0.497110192942224","A","0.396787841812618","T","0.451206708695214","T","0.466135495494304","T","0.307409115884928","T","0.301843888142119",0.881865738640536
"fig_3CDE",5,"G","0.276155728373846","G","0.323576320889544","C","0.294387427978244","G","0.29926738808368","G","0.510394540376527","A","0.408518012890131","T","0.461301254846884","T","0.476411466488711","T","0.305034217149138","T","0.305101095792025",0.868845727917198
