"figure","figure_sample_row","position_1_base","position_1_percentage","position_2_base","position_2_percentage","position_3_base","position_3_percentage","position_4_base","position_4_percentage","position_5_base","position_5_percentage","position_6_base","position_6_percentage","position_7_base","position_7_percentage","position_8_base","position_8_percentage","position_9_base","position_9_percentage","position_10_base","position_10_percentage","normalized_PAM_entropy"
"fig_S6DEF",1,"T","0.273630579122095","G","0.338689597934342","C","0.3069669863519","G","0.307819992622648","G","0.557750829952047","A","0.419102729620066","T","0.537878089265953","T","0.527642014016968","T","0.346989118406492","T","0.322851346366654",0.810322912423782
"fig_S6DEF",2,"G","0.278142060718103","G","0.279181952107224","C","0.279499696698345","G","0.286490077702995","G","0.273664750570496","C","0.273375891851296","C","0.284699153643953","G","0.282186082786909","G","0.270198445940091","C","0.287298882116757",1.00065207357911
"fig_S6DEF",3,"G","0.295126181525464","G","0.407876283184372","C","0.340196346918283","G","0.371055011991602","G","0.917025584849918","A","0.717014796557705","T","0.841420403150181","T","0.881511356752226","T","0.433373996896291","T","0.39115857959685",0.0498527411632171
"fig_S6DEF",4,"C","0.267421571769398","G","0.343909126517822","G","0.271302923476837","T","0.288323897019549","G","0.535626535626536","A","0.410782323825802","T","0.475839475839476","T","0.489157141331054","T","0.289285332763594","T","0.290139942313855",0.856682048346638
